[{"model": "contenttypes.contenttype", "pk": 1, "fields": {"app_label": "admin", "model": "logentry"}}, {"model": "contenttypes.contenttype", "pk": 2, "fields": {"app_label": "auth", "model": "permission"}}, {"model": "contenttypes.contenttype", "pk": 3, "fields": {"app_label": "auth", "model": "group"}}, {"model": "contenttypes.contenttype", "pk": 4, "fields": {"app_label": "contenttypes", "model": "contenttype"}}, {"model": "contenttypes.contenttype", "pk": 5, "fields": {"app_label": "sessions", "model": "session"}}, {"model": "contenttypes.contenttype", "pk": 6, "fields": {"app_label": "authtoken", "model": "token"}}, {"model": "contenttypes.contenttype", "pk": 7, "fields": {"app_label": "authtoken", "model": "tokenproxy"}}, {"model": "contenttypes.contenttype", "pk": 8, "fields": {"app_label": "recipes", "model": "favourite"}}, {"model": "contenttypes.contenttype", "pk": 9, "fields": {"app_label": "recipes", "model": "ingredient"}}, {"model": "contenttypes.contenttype", "pk": 10, "fields": {"app_label": "recipes", "model": "ingredientinrecipe"}}, {"model": "contenttypes.contenttype", "pk": 11, "fields": {"app_label": "recipes", "model": "recipe"}}, {"model": "contenttypes.contenttype", "pk": 12, "fields": {"app_label": "recipes", "model": "tag"}}, {"model": "contenttypes.contenttype", "pk": 13, "fields": {"app_label": "recipes", "model": "shoppinglist"}}, {"model": "contenttypes.contenttype", "pk": 14, "fields": {"app_label": "users", "model": "user"}}, {"model": "contenttypes.contenttype", "pk": 15, "fields": {"app_label": "users", "model": "subscribe"}}, {"model": "contenttypes.contenttype", "pk": 16, "fields": {"app_label": "thumbnail", "model": "kvstore"}}, {"model": "sessions.session", "pk": "0h2ls9eahpcpjr3z3nt3qu60znrwk373", "fields": {"session_data": "MWY1Njc5NmVlMWQ0MjQ4MzI4Njc1OGU0NzEzM2I2MzY5OWQxYjE5MDp7Il9hdXRoX3VzZXJfaWQiOiIxIiwiX2F1dGhfdXNlcl9iYWNrZW5kIjoiZGphbmdvLmNvbnRyaWIuYXV0aC5iYWNrZW5kcy5Nb2RlbEJhY2tlbmQiLCJfYXV0aF91c2VyX2hhc2giOiJkMDA0Y2UwNWJhZjcwMWM5MTc2NjQzN2MwZjZlNTc2MzUyMDYzNjgwIn0=", "expire_date": "2022-01-09T20:49:00.776Z"}}, {"model": "sessions.session", "pk": "f67ugegqv113qzjitlhwjer2moxn73n9", "fields": {"session_data": "MWY1Njc5NmVlMWQ0MjQ4MzI4Njc1OGU0NzEzM2I2MzY5OWQxYjE5MDp7Il9hdXRoX3VzZXJfaWQiOiIxIiwiX2F1dGhfdXNlcl9iYWNrZW5kIjoiZGphbmdvLmNvbnRyaWIuYXV0aC5iYWNrZW5kcy5Nb2RlbEJhY2tlbmQiLCJfYXV0aF91c2VyX2hhc2giOiJkMDA0Y2UwNWJhZjcwMWM5MTc2NjQzN2MwZjZlNTc2MzUyMDYzNjgwIn0=", "expire_date": "2021-11-23T13:49:46.800Z"}}, {"model": "sessions.session", "pk": "j3uoj7a5abny1ctxfuu5ksfbkn192ix2", "fields": {"session_data": "OWE2YWM2YThlMjdmMGVlMzYyZmFlZTlhMDJhMzFmN2NhNWZlOGVlZjp7Il9hdXRoX3VzZXJfaWQiOiIxIiwiX2F1dGhfdXNlcl9iYWNrZW5kIjoiZGphbmdvLmNvbnRyaWIuYXV0aC5iYWNrZW5kcy5Nb2RlbEJhY2tlbmQiLCJfYXV0aF91c2VyX2hhc2giOiJkMjM2MzRmZTkwMGJlYmI5YTM0NmI0YTc1ZjQxNGEzMDhkNzdjNDZlIn0=", "expire_date": "2022-01-12T22:35:57.246Z"}}, {"model": "recipes.ingredient", "pk": 1, "fields": {"name": "\u042f\u0439\u0446\u043e", "measurement_unit": "\u0448\u0442"}}, {"model": "recipes.ingredient", "pk": 2, "fields": {"name": "\u041d\u0443\u0442", "measurement_unit": "\u0433"}}, {"model": "recipes.ingredient", "pk": 3, "fields": {"name": "\u041b\u0438\u043c\u043e\u043d\u043d\u044b\u0439 \u0441\u043e\u043a", "measurement_unit": "\u043c\u043b"}}, {"model": "recipes.ingredient", "pk": 4, "fields": {"name": "\u041e\u043b\u0438\u0432\u043a\u043e\u0432\u043e\u0435 \u043c\u0430\u0441\u043b\u043e", "measurement_unit": "\u043c\u043b"}}, {"model": "recipes.ingredient", "pk": 5, "fields": {"name": "\u041a\u0443\u043c\u0438\u043d", "measurement_unit": "\u0433"}}, {"model": "recipes.ingredient", "pk": 6, "fields": {"name": "\u041a\u043e\u043f\u0447\u0435\u043d\u0430\u044f \u043f\u0430\u043f\u0440\u0438\u043a\u0430", "measurement_unit": "\u0433"}}, {"model": "recipes.ingredient", "pk": 7, "fields": {"name": "\u0422\u0430\u0445\u0438\u043d\u0438", "measurement_unit": "\u0433"}}, {"model": "recipes.ingredient", "pk": 8, "fields": {"name": "\u0421\u0435\u043b\u044c\u0434\u044c \u043c\u0430\u043b\u043e\u0441\u043e\u043b\u044c\u043d\u0430\u044f", "measurement_unit": "\u0433"}}, {"model": "recipes.ingredient", "pk": 9, "fields": {"name": "\u041b\u0443\u043a \u0440\u0435\u043f\u0447\u0430\u0442\u044b\u0439", "measurement_unit": "\u0433"}}, {"model": "recipes.ingredient", "pk": 10, "fields": {"name": "\u042f\u0431\u043b\u043e\u043a\u043e \u043a\u0438\u0441\u043b\u043e-\u0441\u043b\u0430\u0434\u043a\u043e\u0435", "measurement_unit": "\u0433"}}, {"model": "recipes.ingredient", "pk": 11, "fields": {"name": "\u0411\u0430\u0442\u043e\u043d \u0431\u0435\u043b\u044b\u0439", "measurement_unit": "\u0433"}}, {"model": "recipes.ingredient", "pk": 12, "fields": {"name": "\u041c\u0430\u0441\u043b\u043e \u0441\u043b\u0438\u0432\u043e\u0447\u043d\u043e\u0435", "measurement_unit": "\u0433"}}, {"model": "recipes.ingredient", "pk": 13, "fields": {"name": "\u0421\u0430\u0445\u0430\u0440", "measurement_unit": "\u0433"}}, {"model": "recipes.ingredient", "pk": 14, "fields": {"name": "\u041c\u0451\u0434 \u0436\u0438\u0434\u043a\u0438\u0439", "measurement_unit": "\u0433"}}, {"model": "recipes.ingredient", "pk": 15, "fields": {"name": "\u0421\u043e\u0434\u0430 \u043f\u0438\u0449\u0435\u0432\u0430\u044f", "measurement_unit": "\u0433"}}, {"model": "recipes.ingredient", "pk": 16, "fields": {"name": "\u041c\u0443\u043a\u0430", "measurement_unit": "\u0433"}}, {"model": "recipes.ingredient", "pk": 17, "fields": {"name": "\u0421\u043c\u0435\u0442\u0430\u043d\u0430", "measurement_unit": "\u0433"}}, {"model": "recipes.ingredient", "pk": 18, "fields": {"name": "\u0421\u0430\u0445\u0430\u0440\u043d\u0430\u044f \u043f\u0443\u0434\u0440\u0430", "measurement_unit": "\u0433"}}, {"model": "recipes.ingredient", "pk": 19, "fields": {"name": "\u041a\u0430\u0440\u0442\u043e\u0444\u0435\u043b\u044c", "measurement_unit": "\u043b"}}, {"model": "recipes.ingredient", "pk": 20, "fields": {"name": "\u041c\u0430\u0441\u043b\u043e \u0440\u0430\u0441\u0442\u0438\u0442\u0435\u043b\u044c\u043d\u043e\u0435", "measurement_unit": "\u043b"}}, {"model": "recipes.ingredient", "pk": 21, "fields": {"name": "\u0421\u043e\u043b\u044c", "measurement_unit": "\u0433"}}, {"model": "recipes.ingredient", "pk": 22, "fields": {"name": "\u0421\u0433\u0443\u0449\u0435\u043d\u043d\u043e\u0435 \u043c\u043e\u043b\u043e\u043a\u043e", "measurement_unit": "\u0433"}}, {"model": "recipes.ingredient", "pk": 23, "fields": {"name": "\u041a\u0430\u043a\u0430\u043e", "measurement_unit": "\u0433"}}, {"model": "recipes.ingredient", "pk": 24, "fields": {"name": "\u041a\u043e\u0444\u0435 \u0440\u0430\u0441\u0442\u0432\u043e\u0440\u0438\u043c\u044b\u0439", "measurement_unit": "\u0433"}}, {"model": "recipes.ingredient", "pk": 25, "fields": {"name": "\u0412\u043e\u0434\u0430 \u0445\u043e\u043b\u043e\u0434\u043d\u0430\u044f \u043a\u0438\u043f\u044f\u0447\u0451\u043d\u0430\u044f", "measurement_unit": "\u043c\u043b"}}, {"model": "recipes.ingredient", "pk": 26, "fields": {"name": "\u041a\u043e\u043a\u043e\u0441\u043e\u0432\u0430\u044f \u0441\u0442\u0440\u0443\u0436\u043a\u0430", "measurement_unit": "\u0433"}}, {"model": "recipes.ingredient", "pk": 27, "fields": {"name": "\u0428\u043e\u043a\u043e\u043b\u0430\u0434 \u043c\u043e\u043b\u043e\u0447\u043d\u044b\u0439", "measurement_unit": "\u0433"}}, {"model": "recipes.tag", "pk": 1, "fields": {"name": "\u0437\u0430\u0432\u0442\u0440\u0430\u043a", "hex_code": "#00ff00", "slug": "breakfast"}}, {"model": "recipes.tag", "pk": 2, "fields": {"name": "\u0437\u0430\u043a\u0443\u0441\u043a\u0438", "hex_code": "#4040ff", "slug": "snacks"}}, {"model": "recipes.tag", "pk": 3, "fields": {"name": "\u0434\u0435\u0441\u0435\u0440\u0442", "hex_code": "#ffff00", "slug": "dessert"}}, {"model": "recipes.ingredientinrecipe", "pk": 1, "fields": {"ingredient": 2, "recipe": 1, "amount": 100}}, {"model": "recipes.ingredientinrecipe", "pk": 2, "fields": {"ingredient": 3, "recipe": 1, "amount": 10}}, {"model": "recipes.ingredientinrecipe", "pk": 3, "fields": {"ingredient": 4, "recipe": 1, "amount": 20}}, {"model": "recipes.ingredientinrecipe", "pk": 4, "fields": {"ingredient": 5, "recipe": 1, "amount": 5}}, {"model": "recipes.ingredientinrecipe", "pk": 5, "fields": {"ingredient": 6, "recipe": 1, "amount": 5}}, {"model": "recipes.ingredientinrecipe", "pk": 6, "fields": {"ingredient": 7, "recipe": 1, "amount": 40}}, {"model": "recipes.ingredientinrecipe", "pk": 7, "fields": {"ingredient": 8, "recipe": 2, "amount": 400}}, {"model": "recipes.ingredientinrecipe", "pk": 8, "fields": {"ingredient": 1, "recipe": 2, "amount": 4}}, {"model": "recipes.ingredientinrecipe", "pk": 9, "fields": {"ingredient": 9, "recipe": 2, "amount": 100}}, {"model": "recipes.ingredientinrecipe", "pk": 10, "fields": {"ingredient": 10, "recipe": 2, "amount": 100}}, {"model": "recipes.ingredientinrecipe", "pk": 11, "fields": {"ingredient": 11, "recipe": 2, "amount": 70}}, {"model": "recipes.ingredientinrecipe", "pk": 12, "fields": {"ingredient": 12, "recipe": 2, "amount": 50}}, {"model": "recipes.ingredientinrecipe", "pk": 13, "fields": {"ingredient": 1, "recipe": 3, "amount": 4}}, {"model": "recipes.ingredientinrecipe", "pk": 14, "fields": {"ingredient": 13, "recipe": 3, "amount": 75}}, {"model": "recipes.ingredientinrecipe", "pk": 15, "fields": {"ingredient": 14, "recipe": 3, "amount": 75}}, {"model": "recipes.ingredientinrecipe", "pk": 16, "fields": {"ingredient": 15, "recipe": 3, "amount": 8}}, {"model": "recipes.ingredientinrecipe", "pk": 17, "fields": {"ingredient": 16, "recipe": 3, "amount": 160}}, {"model": "recipes.ingredientinrecipe", "pk": 18, "fields": {"ingredient": 17, "recipe": 3, "amount": 600}}, {"model": "recipes.ingredientinrecipe", "pk": 19, "fields": {"ingredient": 18, "recipe": 3, "amount": 180}}, {"model": "recipes.ingredientinrecipe", "pk": 20, "fields": {"ingredient": 19, "recipe": 4, "amount": 4}}, {"model": "recipes.ingredientinrecipe", "pk": 21, "fields": {"ingredient": 20, "recipe": 4, "amount": 1}}, {"model": "recipes.ingredientinrecipe", "pk": 22, "fields": {"ingredient": 21, "recipe": 4, "amount": 5}}, {"model": "recipes.ingredientinrecipe", "pk": 23, "fields": {"ingredient": 22, "recipe": 5, "amount": 4}}, {"model": "recipes.ingredientinrecipe", "pk": 24, "fields": {"ingredient": 23, "recipe": 5, "amount": 1}}, {"model": "recipes.ingredientinrecipe", "pk": 25, "fields": {"ingredient": 24, "recipe": 6, "amount": 6}}, {"model": "recipes.ingredientinrecipe", "pk": 26, "fields": {"ingredient": 13, "recipe": 6, "amount": 50}}, {"model": "recipes.ingredientinrecipe", "pk": 27, "fields": {"ingredient": 25, "recipe": 6, "amount": 80}}, {"model": "recipes.ingredientinrecipe", "pk": 28, "fields": {"ingredient": 26, "recipe": 7, "amount": 300}}, {"model": "recipes.ingredientinrecipe", "pk": 29, "fields": {"ingredient": 22, "recipe": 7, "amount": 220}}, {"model": "recipes.ingredientinrecipe", "pk": 30, "fields": {"ingredient": 27, "recipe": 7, "amount": 200}}, {"model": "recipes.ingredientinrecipe", "pk": 143, "fields": {"ingredient": 26, "recipe": 8, "amount": 300}}, {"model": "recipes.ingredientinrecipe", "pk": 144, "fields": {"ingredient": 22, "recipe": 8, "amount": 220}}, {"model": "recipes.ingredientinrecipe", "pk": 145, "fields": {"ingredient": 27, "recipe": 8, "amount": 200}}, {"model": "recipes.ingredientinrecipe", "pk": 162, "fields": {"ingredient": 26, "recipe": 9, "amount": 300}}, {"model": "recipes.ingredientinrecipe", "pk": 163, "fields": {"ingredient": 22, "recipe": 9, "amount": 220}}, {"model": "recipes.ingredientinrecipe", "pk": 164, "fields": {"ingredient": 27, "recipe": 9, "amount": 200}}, {"model": "auth.permission", "pk": 1, "fields": {"name": "Can add log entry", "content_type": 1, "codename": "add_logentry"}}, {"model": "auth.permission", "pk": 2, "fields": {"name": "Can change log entry", "content_type": 1, "codename": "change_logentry"}}, {"model": "auth.permission", "pk": 3, "fields": {"name": "Can delete log entry", "content_type": 1, "codename": "delete_logentry"}}, {"model": "auth.permission", "pk": 4, "fields": {"name": "Can view log entry", "content_type": 1, "codename": "view_logentry"}}, {"model": "auth.permission", "pk": 5, "fields": {"name": "Can add permission", "content_type": 2, "codename": "add_permission"}}, {"model": "auth.permission", "pk": 6, "fields": {"name": "Can change permission", "content_type": 2, "codename": "change_permission"}}, {"model": "auth.permission", "pk": 7, "fields": {"name": "Can delete permission", "content_type": 2, "codename": "delete_permission"}}, {"model": "auth.permission", "pk": 8, "fields": {"name": "Can view permission", "content_type": 2, "codename": "view_permission"}}, {"model": "auth.permission", "pk": 9, "fields": {"name": "Can add group", "content_type": 3, "codename": "add_group"}}, {"model": "auth.permission", "pk": 10, "fields": {"name": "Can change group", "content_type": 3, "codename": "change_group"}}, {"model": "auth.permission", "pk": 11, "fields": {"name": "Can delete group", "content_type": 3, "codename": "delete_group"}}, {"model": "auth.permission", "pk": 12, "fields": {"name": "Can view group", "content_type": 3, "codename": "view_group"}}, {"model": "auth.permission", "pk": 13, "fields": {"name": "Can add content type", "content_type": 4, "codename": "add_contenttype"}}, {"model": "auth.permission", "pk": 14, "fields": {"name": "Can change content type", "content_type": 4, "codename": "change_contenttype"}}, {"model": "auth.permission", "pk": 15, "fields": {"name": "Can delete content type", "content_type": 4, "codename": "delete_contenttype"}}, {"model": "auth.permission", "pk": 16, "fields": {"name": "Can view content type", "content_type": 4, "codename": "view_contenttype"}}, {"model": "auth.permission", "pk": 17, "fields": {"name": "Can add session", "content_type": 5, "codename": "add_session"}}, {"model": "auth.permission", "pk": 18, "fields": {"name": "Can change session", "content_type": 5, "codename": "change_session"}}, {"model": "auth.permission", "pk": 19, "fields": {"name": "Can delete session", "content_type": 5, "codename": "delete_session"}}, {"model": "auth.permission", "pk": 20, "fields": {"name": "Can view session", "content_type": 5, "codename": "view_session"}}, {"model": "auth.permission", "pk": 21, "fields": {"name": "Can add Token", "content_type": 6, "codename": "add_token"}}, {"model": "auth.permission", "pk": 22, "fields": {"name": "Can change Token", "content_type": 6, "codename": "change_token"}}, {"model": "auth.permission", "pk": 23, "fields": {"name": "Can delete Token", "content_type": 6, "codename": "delete_token"}}, {"model": "auth.permission", "pk": 24, "fields": {"name": "Can view Token", "content_type": 6, "codename": "view_token"}}, {"model": "auth.permission", "pk": 25, "fields": {"name": "Can add token", "content_type": 7, "codename": "add_tokenproxy"}}, {"model": "auth.permission", "pk": 26, "fields": {"name": "Can change token", "content_type": 7, "codename": "change_tokenproxy"}}, {"model": "auth.permission", "pk": 27, "fields": {"name": "Can delete token", "content_type": 7, "codename": "delete_tokenproxy"}}, {"model": "auth.permission", "pk": 28, "fields": {"name": "Can view token", "content_type": 7, "codename": "view_tokenproxy"}}, {"model": "auth.permission", "pk": 29, "fields": {"name": "Can add favourite", "content_type": 8, "codename": "add_favourite"}}, {"model": "auth.permission", "pk": 30, "fields": {"name": "Can change favourite", "content_type": 8, "codename": "change_favourite"}}, {"model": "auth.permission", "pk": 31, "fields": {"name": "Can delete favourite", "content_type": 8, "codename": "delete_favourite"}}, {"model": "auth.permission", "pk": 32, "fields": {"name": "Can view favourite", "content_type": 8, "codename": "view_favourite"}}, {"model": "auth.permission", "pk": 33, "fields": {"name": "Can add \u0418\u043d\u0433\u0440\u0435\u0434\u0438\u0435\u043d\u0442", "content_type": 9, "codename": "add_ingredient"}}, {"model": "auth.permission", "pk": 34, "fields": {"name": "Can change \u0418\u043d\u0433\u0440\u0435\u0434\u0438\u0435\u043d\u0442", "content_type": 9, "codename": "change_ingredient"}}, {"model": "auth.permission", "pk": 35, "fields": {"name": "Can delete \u0418\u043d\u0433\u0440\u0435\u0434\u0438\u0435\u043d\u0442", "content_type": 9, "codename": "delete_ingredient"}}, {"model": "auth.permission", "pk": 36, "fields": {"name": "Can view \u0418\u043d\u0433\u0440\u0435\u0434\u0438\u0435\u043d\u0442", "content_type": 9, "codename": "view_ingredient"}}, {"model": "auth.permission", "pk": 37, "fields": {"name": "Can add \u0418\u043d\u0433\u0440\u0435\u0434\u0438\u0435\u043d\u0442 \u0432 \u0440\u0435\u0446\u0435\u043f\u0442\u0435", "content_type": 10, "codename": "add_ingredientinrecipe"}}, {"model": "auth.permission", "pk": 38, "fields": {"name": "Can change \u0418\u043d\u0433\u0440\u0435\u0434\u0438\u0435\u043d\u0442 \u0432 \u0440\u0435\u0446\u0435\u043f\u0442\u0435", "content_type": 10, "codename": "change_ingredientinrecipe"}}, {"model": "auth.permission", "pk": 39, "fields": {"name": "Can delete \u0418\u043d\u0433\u0440\u0435\u0434\u0438\u0435\u043d\u0442 \u0432 \u0440\u0435\u0446\u0435\u043f\u0442\u0435", "content_type": 10, "codename": "delete_ingredientinrecipe"}}, {"model": "auth.permission", "pk": 40, "fields": {"name": "Can view \u0418\u043d\u0433\u0440\u0435\u0434\u0438\u0435\u043d\u0442 \u0432 \u0440\u0435\u0446\u0435\u043f\u0442\u0435", "content_type": 10, "codename": "view_ingredientinrecipe"}}, {"model": "auth.permission", "pk": 41, "fields": {"name": "Can add \u0420\u0435\u0446\u0435\u043f\u0442", "content_type": 11, "codename": "add_recipe"}}, {"model": "auth.permission", "pk": 42, "fields": {"name": "Can change \u0420\u0435\u0446\u0435\u043f\u0442", "content_type": 11, "codename": "change_recipe"}}, {"model": "auth.permission", "pk": 43, "fields": {"name": "Can delete \u0420\u0435\u0446\u0435\u043f\u0442", "content_type": 11, "codename": "delete_recipe"}}, {"model": "auth.permission", "pk": 44, "fields": {"name": "Can view \u0420\u0435\u0446\u0435\u043f\u0442", "content_type": 11, "codename": "view_recipe"}}, {"model": "auth.permission", "pk": 45, "fields": {"name": "Can add shopping list", "content_type": 12, "codename": "add_shoppinglist"}}, {"model": "auth.permission", "pk": 46, "fields": {"name": "Can change shopping list", "content_type": 12, "codename": "change_shoppinglist"}}, {"model": "auth.permission", "pk": 47, "fields": {"name": "Can delete shopping list", "content_type": 12, "codename": "delete_shoppinglist"}}, {"model": "auth.permission", "pk": 48, "fields": {"name": "Can view shopping list", "content_type": 12, "codename": "view_shoppinglist"}}, {"model": "auth.permission", "pk": 49, "fields": {"name": "Can add \u0422\u044d\u0433", "content_type": 13, "codename": "add_tag"}}, {"model": "auth.permission", "pk": 50, "fields": {"name": "Can change \u0422\u044d\u0433", "content_type": 13, "codename": "change_tag"}}, {"model": "auth.permission", "pk": 51, "fields": {"name": "Can delete \u0422\u044d\u0433", "content_type": 13, "codename": "delete_tag"}}, {"model": "auth.permission", "pk": 52, "fields": {"name": "Can view \u0422\u044d\u0433", "content_type": 13, "codename": "view_tag"}}, {"model": "auth.permission", "pk": 53, "fields": {"name": "Can add user", "content_type": 14, "codename": "add_user"}}, {"model": "auth.permission", "pk": 54, "fields": {"name": "Can change user", "content_type": 14, "codename": "change_user"}}, {"model": "auth.permission", "pk": 55, "fields": {"name": "Can delete user", "content_type": 14, "codename": "delete_user"}}, {"model": "auth.permission", "pk": 56, "fields": {"name": "Can view user", "content_type": 14, "codename": "view_user"}}, {"model": "auth.permission", "pk": 57, "fields": {"name": "Can add subscribe", "content_type": 15, "codename": "add_subscribe"}}, {"model": "auth.permission", "pk": 58, "fields": {"name": "Can change subscribe", "content_type": 15, "codename": "change_subscribe"}}, {"model": "auth.permission", "pk": 59, "fields": {"name": "Can delete subscribe", "content_type": 15, "codename": "delete_subscribe"}}, {"model": "auth.permission", "pk": 60, "fields": {"name": "Can view subscribe", "content_type": 15, "codename": "view_subscribe"}}, {"model": "auth.permission", "pk": 61, "fields": {"name": "Can add kv store", "content_type": 16, "codename": "add_kvstore"}}, {"model": "auth.permission", "pk": 62, "fields": {"name": "Can change kv store", "content_type": 16, "codename": "change_kvstore"}}, {"model": "auth.permission", "pk": 63, "fields": {"name": "Can delete kv store", "content_type": 16, "codename": "delete_kvstore"}}, {"model": "auth.permission", "pk": 64, "fields": {"name": "Can view kv store", "content_type": 16, "codename": "view_kvstore"}}, {"model": "auth.permission", "pk": 65, "fields": {"name": "Can add \u0422\u044d\u0433", "content_type": 12, "codename": "add_tag"}}, {"model": "auth.permission", "pk": 66, "fields": {"name": "Can change \u0422\u044d\u0433", "content_type": 12, "codename": "change_tag"}}, {"model": "auth.permission", "pk": 67, "fields": {"name": "Can delete \u0422\u044d\u0433", "content_type": 12, "codename": "delete_tag"}}, {"model": "auth.permission", "pk": 68, "fields": {"name": "Can view \u0422\u044d\u0433", "content_type": 12, "codename": "view_tag"}}, {"model": "auth.permission", "pk": 69, "fields": {"name": "Can add \u0420\u0435\u0446\u0435\u043f\u0442 \u0432 \u0441\u043f\u0438\u0441\u043a\u0435 \u043f\u043e\u043a\u0443\u043f\u043e\u043a", "content_type": 13, "codename": "add_shoppinglist"}}, {"model": "auth.permission", "pk": 70, "fields": {"name": "Can change \u0420\u0435\u0446\u0435\u043f\u0442 \u0432 \u0441\u043f\u0438\u0441\u043a\u0435 \u043f\u043e\u043a\u0443\u043f\u043e\u043a", "content_type": 13, "codename": "change_shoppinglist"}}, {"model": "auth.permission", "pk": 71, "fields": {"name": "Can delete \u0420\u0435\u0446\u0435\u043f\u0442 \u0432 \u0441\u043f\u0438\u0441\u043a\u0435 \u043f\u043e\u043a\u0443\u043f\u043e\u043a", "content_type": 13, "codename": "delete_shoppinglist"}}, {"model": "auth.permission", "pk": 72, "fields": {"name": "Can view \u0420\u0435\u0446\u0435\u043f\u0442 \u0432 \u0441\u043f\u0438\u0441\u043a\u0435 \u043f\u043e\u043a\u0443\u043f\u043e\u043a", "content_type": 13, "codename": "view_shoppinglist"}}, {"model": "users.user", "pk": 1, "fields": {"password": "pbkdf2_sha256$150000$yyM40HlTPK1q$aeSTqZpRvPKq/qSZquEePq18UQLjZFK/csCdWNmCbkU=", "last_login": "2022-01-10T23:07:51.225Z", "is_superuser": true, "is_staff": true, "is_active": true, "date_joined": "2021-11-09T13:48:55.805Z", "email": "dayterrr@gmail.com", "username": "ruth", "first_name": "Ruth", "last_name": "Dayter", "groups": [], "user_permissions": []}}, {"model": "users.user", "pk": 3, "fields": {"password": "pbkdf2_sha256$150000$RWYm0VHNXfZv$48IWE4JJzCyqScvEe+3I/AtZ7QnL/KAUnl3luf7MYPo=", "last_login": "2021-11-09T21:39:09.493Z", "is_superuser": false, "is_staff": false, "is_active": true, "date_joined": "2021-11-09T21:38:45.409Z", "email": "some_email@gmail.com", "username": "rruth", "first_name": "Ruth", "last_name": "Schuster", "groups": [], "user_permissions": []}}, {"model": "users.user", "pk": 4, "fields": {"password": "pbkdf2_sha256$150000$BpY75KnOudUC$Dx8QdrNN7rpzJDlTs5FYA0L1le75YfRhVs04iwUMXmA=", "last_login": null, "is_superuser": false, "is_staff": false, "is_active": true, "date_joined": "2022-01-19T18:38:32.437Z", "email": "mvdayter@gmail.com", "username": "mdayter", "first_name": "Mariya", "last_name": "Dayter", "groups": [], "user_permissions": []}}, {"model": "users.user", "pk": 5, "fields": {"password": "pbkdf2_sha256$150000$7Ho3wGxFmBXo$L8h9SFJemdHL60pU4QgWdDtcgVSQQce8fuWOkL4HCG8=", "last_login": null, "is_superuser": false, "is_staff": false, "is_active": true, "date_joined": "2022-01-19T19:02:57.046Z", "email": "mariya_daiter@inbox.ru", "username": "ruthr", "first_name": "Mariya", "last_name": "Dayter", "groups": [], "user_permissions": []}}, {"model": "users.user", "pk": 6, "fields": {"password": "miriisheretoregister", "last_login": null, "is_superuser": false, "is_staff": false, "is_active": true, "date_joined": "2022-01-19T19:23:23.668Z", "email": "miridayter@gmail.com", "username": "Miri", "first_name": "Miri", "last_name": "Dayter", "groups": [], "user_permissions": []}}, {"model": "users.subscribe", "pk": 1, "fields": {"user": 3, "following": 1}}, {"model": "users.subscribe", "pk": 3, "fields": {"user": 1, "following": 3}}, {"model": "recipes.shoppinglist", "pk": 1, "fields": {"author": 3, "recipe": 5}}, {"model": "recipes.shoppinglist", "pk": 3, "fields": {"author": 3, "recipe": 7}}, {"model": "recipes.shoppinglist", "pk": 4, "fields": {"author": 1, "recipe": 1}}, {"model": "recipes.shoppinglist", "pk": 5, "fields": {"author": 1, "recipe": 5}}, {"model": "recipes.shoppinglist", "pk": 7, "fields": {"author": 1, "recipe": 3}}, {"model": "recipes.favourite", "pk": 1, "fields": {"author": 3, "recipe": 3}}, {"model": "recipes.favourite", "pk": 5, "fields": {"author": 1, "recipe": 3}}, {"model": "recipes.recipe", "pk": 1, "fields": {"author": 1, "name": "\u0425\u0443\u043c\u0443\u0441", "image": "media/ad8279bd-9d9e-49b8-8e1f-57cc2f06b0d2.png", "text": "\u0421\u0434\u0435\u043b\u0430\u0439\u0442\u0435 \u0445\u0443\u043c\u0443\u0441, \u043c\u043d\u043e\u0433\u043e \u0445\u0443\u043c\u0443\u0441\u0430", "cooking_time": 140, "created": "2021-11-10T18:12:05.963Z", "tags": [1]}}, {"model": "recipes.recipe", "pk": 2, "fields": {"author": 1, "name": "\u0424\u043e\u0440\u0448\u043c\u0430\u043a", "image": "media/d66fea95-99ab-489c-9662-611563bc994d.png", "text": "\u0421\u0434\u0435\u043b\u0430\u0439\u0442\u0435 \u0444\u043e\u0440\u0448\u043c\u0430\u043a", "cooking_time": 840, "created": "2021-11-10T18:12:05.963Z", "tags": [2]}}, {"model": "recipes.recipe", "pk": 3, "fields": {"author": 1, "name": "\u041c\u0435\u0434\u043e\u0432\u0438\u043a", "image": "media/5d5ca9df-f411-47c9-8389-ba265b021606.jpg", "text": "\u0421\u0434\u0435\u043b\u0430\u0439\u0442\u0435 \u043c\u0435\u0434\u043e\u0432\u0438\u043a", "cooking_time": 240, "created": "2021-11-10T18:12:05.963Z", "tags": [3]}}, {"model": "recipes.recipe", "pk": 4, "fields": {"author": 3, "name": "\u041a\u0430\u0440\u0442\u043e\u0444\u0435\u043b\u044c \u0444\u0440\u0438", "image": "media/a6408c94-d445-4322-99ab-23075604e6b7.jpg", "text": "\u041f\u043e\u0436\u0430\u0440\u044c\u0442\u0435 \u043a\u0430\u0440\u0442\u043e\u0444\u0430\u043d", "cooking_time": 10, "created": "2021-11-10T18:12:05.963Z", "tags": [2]}}, {"model": "recipes.recipe", "pk": 5, "fields": {"author": 3, "name": "\u0422\u0440\u044e\u0444\u0435\u043b\u0438 \u0438\u0437 \u043a\u0430\u043a\u0430\u043e \u0438 \u0441\u0433\u0443\u0449\u0451\u043d\u043a\u0438", "image": "media/7ed4be10-4193-48a9-9850-dbd501a3270e.jpg", "text": "\u0421\u0434\u0435\u043b\u0430\u0439\u0442\u0435 \u0442\u0440\u044e\u0444\u0435\u043b\u0438", "cooking_time": 240, "created": "2021-11-10T18:12:05.963Z", "tags": [3]}}, {"model": "recipes.recipe", "pk": 6, "fields": {"author": 3, "name": "\u0412\u0437\u0431\u0438\u0442\u044b\u0439 \u043a\u043e\u0444\u0435", "image": "media/d2dac162-3c0b-4997-b93c-4fc8df86fb0f.jpg", "text": "\u0412\u0437\u0431\u0435\u0439\u0442\u0435 \u043a\u043e\u0444\u0435", "cooking_time": 6, "created": "2021-11-10T18:12:05.963Z", "tags": [3]}}, {"model": "recipes.recipe", "pk": 7, "fields": {"author": 3, "name": "\u0414\u043e\u043c\u0430\u0448\u043d\u0438\u0435 \u0411\u0430\u0443\u043d\u0442\u0438", "image": "media/9f359f68-0019-4b2c-91eb-d1f92c2c4591.jpg", "text": "\u0421\u0434\u0435\u043b\u0430\u0439\u0442\u0435 \u043a\u043e\u043d\u0444\u0435\u0442\u044b", "cooking_time": 90, "created": "2021-11-10T18:12:05.963Z", "tags": [3]}}, {"model": "recipes.recipe", "pk": 8, "fields": {"author": 1, "name": "\u0414\u043e\u043c\u0430\u0448\u043d\u0438\u0435 \u0411\u0430\u0443\u043d\u0442\u0438 try", "image": "media/92452715-dc2a-488b-beaa-f453aba538ea.jpg", "text": "\u0421\u0434\u0435\u043b\u0430\u0439\u0442\u0435 \u043a\u043e\u043d\u0444\u0435\u0442\u044b", "cooking_time": 90, "created": "2022-01-12T22:47:08.080Z", "tags": [3]}}, {"model": "recipes.recipe", "pk": 9, "fields": {"author": 1, "name": "\u0414\u043e\u043c\u0430\u0448\u043d\u0438\u0435 \u0411\u0430\u0443\u043d\u0442\u0438 try once again", "image": "media/bbaa230c-7af7-455b-b83e-fdb608eb834e.jpg", "text": "\u0421\u0434\u0435\u043b\u0430\u0439\u0442\u0435 \u043a\u043e\u043d\u0444\u0435\u0442\u044b", "cooking_time": 90, "created": "2022-01-13T23:44:56.893Z", "tags": [3, 2]}}, {"model": "authtoken.token", "pk": "731506e10c64dab77173daf82d25c026d3918cd8", "fields": {"user": 1, "created": "2021-11-09T16:25:09.636Z"}}, {"model": "authtoken.token", "pk": "f863468c2a96b0389c47ae383f5941d784a17dd0", "fields": {"user": 3, "created": "2021-11-09T21:39:09.491Z"}}, {"model": "admin.logentry", "pk": 1, "fields": {"action_time": "2021-11-09T14:41:23.026Z", "user": 1, "content_type": 9, "object_id": "1", "object_repr": "\u042f\u0439\u0446\u043e", "action_flag": 1, "change_message": "[{\"added\": {}}]"}}, {"model": "admin.logentry", "pk": 2, "fields": {"action_time": "2021-11-09T14:41:28.203Z", "user": 1, "content_type": 9, "object_id": "2", "object_repr": "\u042f\u0439\u0446\u043e", "action_flag": 1, "change_message": "[{\"added\": {}}]"}}, {"model": "admin.logentry", "pk": 3, "fields": {"action_time": "2021-11-09T14:41:34.259Z", "user": 1, "content_type": 9, "object_id": "2", "object_repr": "\u042f\u0439\u0446\u043e", "action_flag": 3, "change_message": ""}}, {"model": "admin.logentry", "pk": 4, "fields": {"action_time": "2021-11-09T14:53:14.326Z", "user": 1, "content_type": 9, "object_id": "2", "object_repr": "\u041d\u0443\u0442", "action_flag": 1, "change_message": "[{\"added\": {}}]"}}, {"model": "admin.logentry", "pk": 5, "fields": {"action_time": "2021-11-09T14:53:28.766Z", "user": 1, "content_type": 9, "object_id": "3", "object_repr": "\u041b\u0438\u043c\u043e\u043d\u043d\u044b\u0439 \u0441\u043e\u043a", "action_flag": 1, "change_message": "[{\"added\": {}}]"}}, {"model": "admin.logentry", "pk": 6, "fields": {"action_time": "2021-11-09T14:53:34.749Z", "user": 1, "content_type": 9, "object_id": "4", "object_repr": "\u041e\u043b\u0438\u0432\u043a\u043e\u0432\u043e\u0435 \u043c\u0430\u0441\u043b\u043e", "action_flag": 1, "change_message": "[{\"added\": {}}]"}}, {"model": "admin.logentry", "pk": 7, "fields": {"action_time": "2021-11-09T14:53:42.771Z", "user": 1, "content_type": 9, "object_id": "5", "object_repr": "\u041a\u0443\u043c\u0438\u043d", "action_flag": 1, "change_message": "[{\"added\": {}}]"}}, {"model": "admin.logentry", "pk": 8, "fields": {"action_time": "2021-11-09T14:53:53.396Z", "user": 1, "content_type": 9, "object_id": "6", "object_repr": "\u041a\u043e\u043f\u0447\u0435\u043d\u0430\u044f \u043f\u0430\u043f\u0440\u0438\u043a\u0430", "action_flag": 1, "change_message": "[{\"added\": {}}]"}}, {"model": "admin.logentry", "pk": 9, "fields": {"action_time": "2021-11-09T14:54:02.104Z", "user": 1, "content_type": 9, "object_id": "7", "object_repr": "\u0422\u0430\u0445\u0438\u043d\u0438", "action_flag": 1, "change_message": "[{\"added\": {}}]"}}, {"model": "admin.logentry", "pk": 10, "fields": {"action_time": "2021-11-09T16:32:16.015Z", "user": 1, "content_type": 13, "object_id": "1", "object_repr": "\u0437\u0430\u0432\u0442\u0440\u0430\u043a", "action_flag": 1, "change_message": "[{\"added\": {}}]"}}, {"model": "admin.logentry", "pk": 11, "fields": {"action_time": "2021-11-09T16:51:23.469Z", "user": 1, "content_type": 9, "object_id": "8", "object_repr": "\u0421\u0435\u043b\u044c\u0434\u044c \u043c\u0430\u043b\u043e\u0441\u043e\u043b\u044c\u043d\u0430\u044f", "action_flag": 1, "change_message": "[{\"added\": {}}]"}}, {"model": "admin.logentry", "pk": 12, "fields": {"action_time": "2021-11-09T16:51:39.609Z", "user": 1, "content_type": 9, "object_id": "9", "object_repr": "\u041b\u0443\u043a \u0440\u0435\u043f\u0447\u0430\u0442\u044b\u0439", "action_flag": 1, "change_message": "[{\"added\": {}}]"}}, {"model": "admin.logentry", "pk": 13, "fields": {"action_time": "2021-11-09T16:51:48.560Z", "user": 1, "content_type": 9, "object_id": "10", "object_repr": "\u042f\u0431\u043b\u043e\u043a\u043e \u043a\u0438\u0441\u043b\u043e-\u0441\u043b\u0430\u0434\u043a\u043e\u0435", "action_flag": 1, "change_message": "[{\"added\": {}}]"}}, {"model": "admin.logentry", "pk": 14, "fields": {"action_time": "2021-11-09T16:51:56.562Z", "user": 1, "content_type": 9, "object_id": "11", "object_repr": "\u0411\u0430\u0442\u043e\u043d \u0431\u0435\u043b\u044b\u0439", "action_flag": 1, "change_message": "[{\"added\": {}}]"}}, {"model": "admin.logentry", "pk": 15, "fields": {"action_time": "2021-11-09T16:52:04.560Z", "user": 1, "content_type": 9, "object_id": "12", "object_repr": "\u041c\u0430\u0441\u043b\u043e \u0441\u043b\u0438\u0432\u043e\u0447\u043d\u043e\u0435", "action_flag": 1, "change_message": "[{\"added\": {}}]"}}, {"model": "admin.logentry", "pk": 16, "fields": {"action_time": "2021-11-09T17:00:52.796Z", "user": 1, "content_type": 13, "object_id": "2", "object_repr": "\u0437\u0430\u043a\u0443\u0441\u043a\u0438", "action_flag": 1, "change_message": "[{\"added\": {}}]"}}, {"model": "admin.logentry", "pk": 17, "fields": {"action_time": "2021-11-09T17:06:14.949Z", "user": 1, "content_type": 9, "object_id": "1", "object_repr": "\u042f\u0439\u0446\u043e", "action_flag": 2, "change_message": "[{\"changed\": {\"fields\": [\"measurement_unit\"]}}]"}}, {"model": "admin.logentry", "pk": 18, "fields": {"action_time": "2021-11-09T17:06:46.428Z", "user": 1, "content_type": 9, "object_id": "13", "object_repr": "\u0421\u0430\u0445\u0430\u0440", "action_flag": 1, "change_message": "[{\"added\": {}}]"}}, {"model": "admin.logentry", "pk": 19, "fields": {"action_time": "2021-11-09T17:07:11.250Z", "user": 1, "content_type": 9, "object_id": "14", "object_repr": "\u041c\u0451\u0434 \u0436\u0438\u0434\u043a\u0438\u0439", "action_flag": 1, "change_message": "[{\"added\": {}}]"}}, {"model": "admin.logentry", "pk": 20, "fields": {"action_time": "2021-11-09T17:08:46.827Z", "user": 1, "content_type": 9, "object_id": "15", "object_repr": "\u0421\u043e\u0434\u0430 \u043f\u0438\u0449\u0435\u0432\u0430\u044f", "action_flag": 1, "change_message": "[{\"added\": {}}]"}}, {"model": "admin.logentry", "pk": 21, "fields": {"action_time": "2021-11-09T17:09:29.264Z", "user": 1, "content_type": 9, "object_id": "16", "object_repr": "\u041c\u0443\u043a\u0430", "action_flag": 1, "change_message": "[{\"added\": {}}]"}}, {"model": "admin.logentry", "pk": 22, "fields": {"action_time": "2021-11-09T17:52:04.866Z", "user": 1, "content_type": 9, "object_id": "17", "object_repr": "\u0421\u043c\u0435\u0442\u0430\u043d\u0430", "action_flag": 1, "change_message": "[{\"added\": {}}]"}}, {"model": "admin.logentry", "pk": 23, "fields": {"action_time": "2021-11-09T17:52:55.917Z", "user": 1, "content_type": 9, "object_id": "18", "object_repr": "\u0421\u0430\u0445\u0430\u0440\u043d\u0430\u044f \u043f\u0443\u0434\u0440\u0430", "action_flag": 1, "change_message": "[{\"added\": {}}]"}}, {"model": "admin.logentry", "pk": 24, "fields": {"action_time": "2021-11-09T17:53:56.514Z", "user": 1, "content_type": 13, "object_id": "3", "object_repr": "\u0434\u0435\u0441\u0435\u0440\u0442", "action_flag": 1, "change_message": "[{\"added\": {}}]"}}, {"model": "admin.logentry", "pk": 25, "fields": {"action_time": "2021-11-09T21:31:30.216Z", "user": 1, "content_type": 9, "object_id": "19", "object_repr": "\u041a\u0430\u0440\u0442\u043e\u0444\u0435\u043b\u044c", "action_flag": 1, "change_message": "[{\"added\": {}}]"}}, {"model": "admin.logentry", "pk": 26, "fields": {"action_time": "2021-11-09T21:31:39.599Z", "user": 1, "content_type": 9, "object_id": "20", "object_repr": "\u041c\u0430\u0441\u043b\u043e \u0440\u0430\u0441\u0442\u0438\u0442\u0435\u043b\u044c\u043d\u043e\u0435", "action_flag": 1, "change_message": "[{\"added\": {}}]"}}, {"model": "admin.logentry", "pk": 27, "fields": {"action_time": "2021-11-09T21:31:46.942Z", "user": 1, "content_type": 9, "object_id": "21", "object_repr": "\u0421\u043e\u043b\u044c", "action_flag": 1, "change_message": "[{\"added\": {}}]"}}, {"model": "admin.logentry", "pk": 28, "fields": {"action_time": "2021-11-09T21:37:41.493Z", "user": 1, "content_type": 14, "object_id": "2", "object_repr": "rruth", "action_flag": 3, "change_message": ""}}, {"model": "admin.logentry", "pk": 29, "fields": {"action_time": "2021-11-09T21:41:35.464Z", "user": 1, "content_type": 11, "object_id": "2", "object_repr": "\u0424\u043e\u0440\u0448\u043c\u0430\u043a", "action_flag": 2, "change_message": "[{\"changed\": {\"fields\": [\"name\", \"text\"]}}]"}}, {"model": "admin.logentry", "pk": 30, "fields": {"action_time": "2021-11-09T21:45:50.724Z", "user": 1, "content_type": 9, "object_id": "22", "object_repr": "\u0421\u0433\u0443\u0449\u0435\u043d\u043d\u043e\u0435 \u043c\u043e\u043b\u043e\u043a\u043e", "action_flag": 1, "change_message": "[{\"added\": {}}]"}}, {"model": "admin.logentry", "pk": 31, "fields": {"action_time": "2021-11-09T21:46:05.954Z", "user": 1, "content_type": 9, "object_id": "23", "object_repr": "\u041a\u0430\u043a\u0430\u043e", "action_flag": 1, "change_message": "[{\"added\": {}}]"}}, {"model": "admin.logentry", "pk": 32, "fields": {"action_time": "2021-11-09T21:49:51.219Z", "user": 1, "content_type": 9, "object_id": "24", "object_repr": "\u041a\u043e\u0444\u0435 \u0440\u0430\u0441\u0442\u0432\u043e\u0440\u0438\u043c\u044b\u0439", "action_flag": 1, "change_message": "[{\"added\": {}}]"}}, {"model": "admin.logentry", "pk": 33, "fields": {"action_time": "2021-11-09T21:50:15.247Z", "user": 1, "content_type": 9, "object_id": "25", "object_repr": "\u0412\u043e\u0434\u0430 \u0445\u043e\u043b\u043e\u0434\u043d\u0430\u044f \u043a\u0438\u043f\u044f\u0447\u0451\u043d\u0430\u044f", "action_flag": 1, "change_message": "[{\"added\": {}}]"}}, {"model": "admin.logentry", "pk": 34, "fields": {"action_time": "2021-11-09T21:54:31.859Z", "user": 1, "content_type": 9, "object_id": "26", "object_repr": "\u041a\u043e\u043a\u043e\u0441\u043e\u0432\u0430\u044f \u0441\u0442\u0440\u0443\u0436\u043a\u0430", "action_flag": 1, "change_message": "[{\"added\": {}}]"}}, {"model": "admin.logentry", "pk": 35, "fields": {"action_time": "2021-11-09T21:54:56.259Z", "user": 1, "content_type": 9, "object_id": "27", "object_repr": "\u0428\u043e\u043a\u043e\u043b\u0430\u0434 \u043c\u043e\u043b\u043e\u0447\u043d\u044b\u0439", "action_flag": 1, "change_message": "[{\"added\": {}}]"}}]